year,zip_code,pct_wht,pct_25_34,pct_college_deg,num_coffee_shops,next_years_price
2011,90001,73.73813002191379,17.35025566106647,2.173119065010957,0,182733.33333333334
2011,90004,35.986673340424204,17.418507163861598,20.94099981230057,0,696908.3333333334
2011,90007,34.89412043061635,15.93753696912339,8.200638826452147,0,325233.3333333333
2011,90010,22.081139671724987,17.095075874883868,40.941467946732736,0,0.0
2011,90012,26.035906887842174,17.755478189637522,15.164857669465492,1,296191.6666666667
2011,90013,37.07400194741968,13.838851022395325,23.064751703992208,0,0.0
2011,90014,37.31744811683321,17.50576479631053,19.42736356648732,0,0.0
2011,90015,32.65021996992816,17.792504315865678,11.549813443225483,0,380975.0
2011,90016,20.77830641548079,15.214098269719017,9.370399607433168,0,294175.0
2011,90017,32.08338913441364,21.882951653944026,9.562073121735637,0,334291.6666666667
2011,90018,15.527254625404465,16.48759644901684,8.213722724632872,0,269041.6666666667
2011,90019,36.037812627163746,17.60259179265659,21.443328012019904,0,546216.6666666666
2011,90020,25.379347718987088,20.534042762833774,28.194896048871808,0,267475.0
2011,90021,47.9446792162889,13.907030349596619,16.67306953515175,0,0.0
2011,90023,48.1389522659151,15.966536930165972,3.1024918355478013,0,208358.33333333334
2011,90024,61.549355615351935,14.360572156918284,31.753899690452585,0,746391.6666666666
2011,90025,59.38855414624997,28.68965840620824,49.58619557827117,0,591383.3333333334
2011,90026,54.00987837606349,20.21641066636213,22.27345400559584,0,475175.0
2011,90027,69.32140423380449,21.36466553823833,35.503726011738586,0,871650.0
2011,90028,59.19661733615222,25.009112779762336,29.561857549026755,1,522558.3333333333
2011,90029,40.5518242875295,18.961180406088733,16.233176879392165,0,427508.3333333333
2011,90031,37.887706008803356,14.157027331354284,7.871839492271472,0,284850.0
2011,90033,54.34401857358152,14.541159219583724,3.944849496965501,0,211558.33333333334
2011,90034,54.23552680097885,28.619556836847572,37.96386309543763,0,632691.6666666666
2011,90035,73.86390959365231,19.40370281317624,43.987222203139495,0,758908.3333333334
2011,90036,64.99833905436829,26.118370058686754,50.952275495515444,0,930425.0
2011,90038,42.1830939733753,18.82418519247164,17.774936061381077,0,512591.6666666667
2011,90039,60.75114482947168,17.24420750461349,31.44351035472627,0,540233.3333333334
2011,90041,53.45670028069446,12.385209827771424,24.701112381744466,0,474558.3333333333
2011,90042,61.888244197780026,16.749180121089807,16.832744702320884,0,370200.0
2011,90045,59.90037359900373,15.063511830635116,33.27272727272727,0,627841.6666666666
2011,90046,82.58758026497604,25.093473136633342,47.140941233845396,0,782825.0
2011,90047,14.532071503680337,13.251314405888538,9.33123028391167,0,249791.66666666666
2011,90048,85.75796665233386,23.209593426018824,52.959724810090286,0,980916.6666666666
2011,90049,84.92496776494471,19.373954075334012,56.83246001481442,0,1530266.6666666667
2011,90057,31.765887509130753,20.913988312636963,10.08491599707816,0,240300.0
2011,90064,70.92810049545507,17.54379120664768,43.834120079584906,0,795841.6666666666
2011,90065,47.741439672103155,14.687046366663822,18.764409529502174,0,428458.3333333333
2011,90066,62.63120441202633,20.188578544742924,35.639565913538526,0,686975.0
2011,90067,78.76823338735821,6.077795786061587,54.45705024311182,0,699508.3333333334
2011,90068,79.53102322206095,18.831640058055147,52.10903483309144,0,849325.0
2011,90069,85.75976552630249,19.738238415281216,55.21249178836728,0,563341.6666666666
2011,90071,0.0,0.0,0.0,0,0.0
2011,90077,88.9161124722903,7.490374518725938,51.86092637965232,0,1544091.6666666667
2011,90089,50.08532423208191,3.043230944254835,2.1615472127417523,0,0.0
2011,90094,56.728073688426115,34.94193031637965,61.35362434921907,0,523591.6666666667
2011,90230,54.33961085605422,11.68993410162716,32.246478653299604,0,515475.0
2011,90232,64.51569895340312,15.192320511965866,36.35757616158923,0,664241.6666666666
2011,90272,92.24247748737095,5.3678893037557645,53.66571491324401,0,1614875.0
2011,90291,78.45287492590397,22.20287492590397,48.973770005927676,0,883166.6666666666
2011,90292,78.62946912242687,19.456482484651502,57.06031058143735,0,592550.0
2011,90501,41.024461128602574,16.14192298377331,19.573746669895858,0,440200.0
2011,90710,55.850679387106105,11.983232148019658,15.741543798785775,0,373491.6666666667
2011,90731,73.04810888583856,14.985033158582366,13.071592769609866,0,370833.3333333333
2011,90732,79.7192118226601,11.507389162561575,27.394088669950737,0,386125.0
2011,91040,72.15796757611704,12.776789244760776,21.61921708185053,0,346858.3333333333
2011,91303,48.19826668693933,17.644822867568802,11.901322791546303,0,279483.3333333333
2011,91306,43.40425531914894,15.403831904308245,15.471578278818676,0,328866.6666666667
2011,91307,77.09540520688812,7.4553170652085194,31.79221415163633,0,425741.6666666667
2011,91311,67.89675767918088,12.124040102389081,27.178434300341298,0,396016.6666666667
2011,91316,81.09155194463251,18.671481230722932,37.18498457834951,0,387675.0
2011,91324,55.98257177968943,12.28912970617808,23.721744311622533,0,371025.0
2011,91325,60.37480382804566,14.32439917530849,24.626888635874074,0,415850.0
2011,91335,55.10515896740935,15.003919380339324,14.622610174445644,0,301591.6666666667
2011,91342,55.27494954792662,13.554220301686295,9.65259329357976,0,293716.6666666667
2011,91343,46.361420031392974,15.170490598804395,14.59272617974151,0,343566.6666666667
2011,91344,65.79403018782699,10.750178793239732,23.37298151842511,0,390466.6666666667
2011,91345,52.88528638144828,12.158462612056473,12.663052230393474,0,296066.6666666667
2011,91352,61.1735143145551,15.871652241146025,9.252378600115977,0,277250.0
2011,91356,79.809396422003,13.716769770941315,32.46614278548738,1,547175.0
2011,91364,83.05496870889306,11.527882967273884,38.95643161796945,0,577433.3333333334
2011,91367,72.55651469508645,13.295192770169356,37.61486469382072,0,473150.0
2011,91401,64.63471502590673,19.168393782383422,19.287564766839377,0,432150.0
2011,91402,33.77525609825117,17.936781934461482,8.128643386722509,0,247900.0
2011,91403,78.91384654579424,20.670035242664856,45.60740520572375,0,630266.6666666666
2011,91405,43.20441988950275,18.226425695289823,11.49171270718232,0,311275.0
2011,91406,49.74789915966386,18.58370314417902,14.032669247474267,0,320050.0
2011,91423,78.90181049292983,18.798731333421433,41.85278181577904,0,620991.6666666666
2011,91436,85.46243178956206,6.884007275780048,45.51560095144816,0,952958.3333333334
2011,91601,67.71978788724532,22.754674853474736,24.28970136756908,0,360683.3333333333
2011,91602,75.93703148425787,27.822627147964482,40.99873140352901,0,518391.6666666667
2011,91604,83.43232375401189,20.492861622459145,47.670343453720434,0,737066.6666666666
2011,91605,47.398801154443866,14.898616147413602,9.742470213868128,0,297283.3333333333
2011,91606,57.862169640717255,16.386691940649715,14.029239383837723,0,303358.3333333333
2011,91607,79.66556127848726,19.90757073308403,34.06477104353348,0,494766.6666666667
2011,94102,44.44534216692252,18.732326088712934,28.98117475963481,1,531091.6666666666
2011,94103,47.32674114977955,20.90663927057917,31.265784855100378,0,634358.3333333334
2011,94104,62.587412587412594,0.0,40.55944055944056,0,0.0
2011,94105,55.12426035502958,37.72781065088757,78.3905325443787,0,749450.0
2011,94107,60.183924958616885,29.494206363803574,56.354607320213354,-1,699183.3333333334
2011,94108,32.85683344162877,19.16829109811566,28.73438740885135,0,695366.6666666666
2011,94109,59.44730435429018,26.276273485848087,48.302328606738655,0,774833.3333333334
2011,94110,68.66645766238207,25.12183999771995,39.212528856841566,0,767141.6666666666
2011,94111,58.478382930937684,17.237507018528916,55.69904548006738,1,0.0
2011,94112,35.16110867797034,14.449102171056747,19.748482762935623,0,533816.6666666666
2011,94114,83.5990675990676,21.171717171717173,64.72727272727272,0,1059150.0
2011,94115,61.935985083903034,25.692977004350524,53.542573026724675,0,905266.6666666666
2011,94116,41.60527512505684,13.321964529331515,34.8431105047749,0,708200.0
2011,94117,70.5731062260397,31.008880477507645,54.16606007667296,0,888600.0
2011,94118,52.96529886578939,20.919307534584338,46.11850813672818,0,1139158.3333333333
2011,94121,43.91767982068872,18.540152595711923,41.7781702098757,0,775916.6666666666
2011,94122,42.41544874162402,21.329956559207865,41.62401730596739,0,721508.3333333334
2011,94123,85.58389261744965,36.42505592841163,70.21476510067114,0,1531366.6666666667
2011,94124,23.445974134334588,13.645032481077536,10.67703677215567,0,377875.0
2011,94127,64.66839378238342,10.632124352331607,50.51295336787565,0,887400.0
2011,94129,81.63568773234199,35.39033457249071,62.156133828996275,0,0.0
2011,94130,54.17391304347826,30.0,23.56521739130435,0,0.0
2011,94131,68.39959593044232,16.66065372682012,53.28306515621618,0,825991.6666666666
2011,94132,40.0052794826107,14.056622450999804,29.73998548142282,0,602633.3333333334
2011,94133,39.72657820667471,19.71341886902804,37.04353547538107,0,872850.0
2011,94134,22.545603607296577,12.845870055339208,13.950092232014756,0,474275.0
2011,94158,38.74045801526718,30.05725190839695,56.90203562340968,0,756116.6666666666
2011,94608,36.812782914845045,25.20215112005262,38.85557318063992,0,298033.3333333333
2011,94901,70.17887226241206,13.861361609354873,32.16480031711426,0,674566.6666666666
2011,95838,43.29288843950118,14.852263790585324,5.65666779013594,0,99775.0
2011,98101,73.49883301506472,23.392743475493315,46.93401230638659,0,269333.3333333333
2011,98102,82.5620740599533,36.46285087928323,55.98818090835439,1,348916.6666666667
2011,98103,82.40551983691391,28.27572302246914,53.64367481350389,2,411416.6666666667
2011,98104,45.88630957263555,18.817160200147647,26.519563612501024,1,316841.6666666667
2011,98105,71.7741393598674,12.827289627522564,31.1868658588483,0,505458.3333333333
2011,98106,58.33558254610887,20.746738641475485,20.994152046783626,0,221258.33333333334
2011,98107,85.65763384005287,32.00830894155415,49.051081106599945,0,396175.0
2011,98108,35.05291591019793,16.910950715139712,18.930168710977284,0,249225.0
2011,98109,79.5998047828209,33.35285505124451,55.53928745729624,0,421025.0
2011,98112,84.82191780821918,20.515981735159816,57.38812785388128,0,630158.3333333334
2011,98115,82.99647447828849,17.84658506142291,51.039043510631316,0,425908.3333333333
2011,98116,88.11053695798698,16.953493596944508,44.704560772860034,0,403833.3333333333
2011,98117,88.46281872045803,14.859197124026366,45.92570401437986,0,410058.3333333333
2011,98118,31.157696278673072,13.029133186694796,21.980069129595552,1,256300.0
2011,98119,84.7646475614938,22.449364996931205,47.50011803031018,1,487375.0
2011,98121,70.05454073240412,28.127434854125184,50.95662713185006,0,0.0
2011,98122,63.903605116940184,25.458715596330272,39.34293836412972,0,379850.0
2011,98125,71.15989174708182,19.42265110303163,36.565430141330204,0,317391.6666666667
2011,98126,72.50224125908954,20.49008865424843,38.001793007271644,0,290966.6666666667
2011,98133,68.22191592005511,16.774638180565127,27.88651504709396,0,278533.3333333333
2011,98134,55.389908256880744,22.362385321100923,31.07798165137614,1,0.0
2011,98136,88.06011116448225,18.294105537638096,41.87195498524669,0,389541.6666666667
2011,98144,44.55212461254757,19.245105347824378,35.206183544552125,0,328433.3333333333
2011,98146,64.19531905161243,12.285583593809562,16.368071967675533,0,217291.66666666666
2012,90001,69.79992657856093,16.455580029368573,1.9419970631424377,0,207000.0
2012,90004,34.24559506392723,17.684943705871127,22.76254691177406,0,823775.0
2012,90007,35.68826884750189,15.428492887086794,8.221657159874464,1,374000.0
2012,90010,20.234680573663624,22.73794002607562,41.19947848761408,1,0.0
2012,90012,27.78768344534357,19.098889041283773,16.119188040049373,1,347583.3333333333
2012,90013,34.202618587679765,15.636402661515348,26.79759605065465,0,0.0
2012,90014,41.77465802735781,19.528437724982,27.59179265658747,1,0.0
2012,90015,34.71247453022413,17.41000679194023,13.487661308580485,1,488658.3333333333
2012,90016,22.39893969516236,15.177750700100471,10.534641612689457,0,351325.0
2012,90017,27.284105131414265,22.515212981744426,11.32450045315265,0,426916.6666666667
2012,90018,17.429944120254866,17.302101160896548,8.724250984596987,0,327166.6666666667
2012,90019,35.547026140250416,17.0662250630678,21.265070496649283,0,649416.6666666666
2012,90020,24.86978532833569,19.34965681740739,26.454266660176216,0,325741.6666666667
2012,90021,46.471471471471475,12.875375375375375,15.503003003003002,0,0.0
2012,90023,41.26316711560782,16.354597814423055,3.2893152004905497,0,245983.33333333334
2012,90024,60.319481191191386,14.110087728023233,31.19616463426764,0,838658.3333333334
2012,90025,59.47777881300661,29.181030466784684,49.95108543743594,0,677358.3333333334
2012,90026,61.74387703799469,20.942325648208,22.095812684047974,0,589050.0
2012,90027,67.11084854054528,21.79335696468426,36.30694499146646,0,996075.0
2012,90028,57.59538472428682,24.078006653925108,28.070361718694702,2,638016.6666666666
2012,90029,41.301316023024064,18.52828562010295,16.33744960316454,0,499258.3333333333
2012,90031,37.139284821205294,13.985996499124779,7.694423605901475,0,332933.3333333333
2012,90033,55.47626814549014,14.312510194095578,3.892105692382972,0,255041.66666666666
2012,90034,57.08962144844448,28.72776325773543,37.99173762751876,0,738083.3333333334
2012,90035,70.12404673845451,19.89330016692305,44.0938696690996,0,877533.3333333334
2012,90036,64.76267319570421,24.945745923988646,49.988870958766896,0,1141991.6666666667
2012,90038,41.8560794044665,20.50289495450786,18.07113316790736,0,613091.6666666666
2012,90039,61.87190375088464,17.338995046001415,32.67869780608634,0,636916.6666666666
2012,90041,60.46340695110427,12.677190157852369,27.10790661859928,0,569066.6666666666
2012,90042,59.44657560631109,16.408519653949245,16.132449480763366,0,446525.0
2012,90045,62.46947082767978,14.404835327494759,33.52411496237819,0,728558.3333333334
2012,90046,80.55750245309089,26.735686965576626,47.24552936700242,0,916583.3333333334
2012,90047,15.228702175230374,12.58332114424222,9.476147689993104,0,283316.6666666667
2012,90048,84.33126532967827,25.080555956331462,52.854325975087775,0,1163683.3333333333
2012,90049,85.01952529980336,18.129448583377183,57.00279724153211,0,1847916.6666666667
2012,90057,24.46569053508948,20.821911702435877,11.038309821488266,0,278708.3333333333
2012,90064,71.01258978914035,16.60230169151155,43.79006719703406,0,915175.0
2012,90065,47.52269949362668,14.370525580583204,19.449537279552995,0,515091.6666666667
2012,90066,63.46979877733616,20.122266383873672,35.7352914966047,0,828608.3333333334
2012,90067,86.61940629153744,10.190518387239699,47.31945059813911,0,778708.3333333334
2012,90068,79.51504265828468,19.19622810956444,51.17647058823529,0,983475.0
2012,90069,83.7711530893349,21.374458874458874,54.97343565525383,0,659591.6666666666
2012,90071,0.0,0.0,0.0,0,0.0
2012,90077,90.94650205761316,6.814330670539821,53.71580731057857,0,1862791.6666666667
2012,90089,50.41152263374485,2.7630805408583186,1.9988242210464435,0,0.0
2012,90094,52.487874977546255,33.75246991198132,56.619364109933535,0,617341.6666666666
2012,90230,56.180017226528854,12.959886797096097,32.355112587670725,0,596491.6666666666
2012,90232,68.27780692549842,18.087618048268627,35.54564533053515,0,790125.0
2012,90272,90.66963700694536,5.739745773817325,53.833049403747864,0,1997250.0
2012,90291,78.75449723674937,23.41159452542561,48.26230481065242,0,1180666.6666666667
2012,90292,78.24161073825503,21.476510067114095,56.375838926174495,0,701850.0
2012,90501,41.5386068031065,14.963529495078252,19.826263484644613,0,503116.6666666667
2012,90710,59.633995488612385,12.144364403696427,15.622498726624466,0,426750.0
2012,90731,72.72144423823183,13.529610258140712,13.398009110848658,0,428350.0
2012,90732,80.09047499371701,11.515456144759991,27.202814777582308,0,444566.6666666667
2012,91040,74.79776918052555,11.420388886097571,21.30834547555645,0,391250.0
2012,91303,52.99289820764288,17.495209108330513,14.124675910269413,0,338375.0
2012,91306,44.68202686617922,15.163237544635265,15.609590205747324,0,390408.3333333333
2012,91307,76.24784853700515,7.365008205579794,32.23391906496418,0,501416.6666666667
2012,91311,65.4658057715114,11.85926999604691,28.40690473053103,1,450041.6666666667
2012,91316,80.81386529126212,18.43522451456311,39.51380461165049,0,454783.3333333333
2012,91324,57.98369605863436,12.628075686186525,23.199461521202604,1,430883.3333333333
2012,91325,57.80930624023085,15.348082241192735,24.173379824455928,0,475391.6666666667
2012,91335,60.674428263286934,14.520169879824765,14.859125681595906,0,365141.6666666667
2012,91342,60.58808327996314,13.307715643644451,10.001011224592984,0,342958.3333333333
2012,91343,50.637765598512146,15.230665415823168,14.786286805246961,0,400641.6666666667
2012,91344,64.90926924963217,10.670766212698533,23.54849662353341,0,449450.0
2012,91345,55.71995282513134,12.967728101211536,13.41267288517208,0,356966.6666666667
2012,91352,67.05060007913131,15.602057414164506,8.845122433727525,0,332091.6666666667
2012,91356,78.26292666441365,12.909766813112538,32.145995268671854,1,659183.3333333334
2012,91364,81.40825528962884,10.178440667514547,38.01595560180368,0,673641.6666666666
2012,91367,71.65389479949408,14.619447957741238,38.04776430325125,0,546191.6666666666
2012,91401,65.68292378695273,17.360608706498688,20.00249469876513,0,524850.0
2012,91402,40.584319212992405,18.21085810400147,8.81567230632235,0,300125.0
2012,91403,78.96650553963299,18.321427043675406,46.13936775463061,0,716850.0
2012,91405,45.18593706745409,17.921934114607364,11.763403155854943,0,371700.0
2012,91406,49.26311430668749,16.602985186997685,13.839899113478515,0,389625.0
2012,91423,80.69540489885605,20.3192658178763,41.54656498416597,0,726991.6666666666
2012,91436,85.62861869313481,6.100082712985939,44.05845051006341,0,1113116.6666666667
2012,91601,68.69776220005393,23.928282555945,25.76166082502023,0,434266.6666666667
2012,91602,76.73970201577562,25.866199240432373,44.002337131171494,0,615583.3333333334
2012,91604,84.10832185856017,20.079087667266887,46.644070190304696,0,863483.3333333334
2012,91605,50.14915119411349,15.797371323197082,10.854591144938803,0,346341.6666666667
2012,91606,57.78370307167236,16.128412969283275,14.2811433447099,0,366208.3333333333
2012,91607,78.3491204330176,19.52742791714375,35.51576975122306,0,604750.0
2012,94102,45.19211938427794,18.906427480318047,28.682777799537817,1,629083.3333333334
2012,94103,47.08268852733281,20.954452298297713,34.146137437784944,0,726491.6666666666
2012,94104,63.93442622950821,0.9836065573770492,44.91803278688525,0,0.0
2012,94105,53.44719850031243,42.907727556759006,79.23349302228702,0,879208.3333333334
2012,94107,62.21134444361408,28.200433450414767,58.687691502877215,-1,815191.6666666666
2012,94108,33.3555259653795,20.853676579375644,28.724663411747297,0,741608.3333333334
2012,94109,59.222230390355065,29.175549511137252,50.12129677277071,0,888791.6666666666
2012,94110,66.63747810858143,25.59318682560308,39.29721484661884,1,898291.6666666666
2012,94111,59.69081019181219,16.66189521900945,55.31062124248497,2,0.0
2012,94112,33.50593365210713,14.72388078190422,19.80898347496469,0,624133.3333333334
2012,94114,82.72395446671615,19.57126948775056,65.12929967829743,1,1251116.6666666667
2012,94115,60.7748920381972,25.66145611580804,53.190195243598325,1,1063841.6666666667
2012,94116,39.029665551078025,13.346082917833483,35.589554447555955,0,810541.6666666666
2012,94117,71.62366852340467,31.200527704485488,56.44483533665592,2,1046491.6666666666
2012,94118,54.002072434099134,20.767306088407008,45.53794829024187,1,1358633.3333333333
2012,94121,46.02380897768195,17.407161043191046,41.12438929284125,0,891466.6666666666
2012,94122,44.02560332151197,22.0257763169276,42.088054666551336,0,846658.3333333334
2012,94123,84.01940109658372,35.85828764234501,68.53226486714466,0,1756091.6666666667
2012,94124,20.401796127828323,13.832516911593189,11.963494285047819,2,475900.0
2012,94127,58.21756225425951,8.225425950196593,49.357798165137616,0,1037466.6666666666
2012,94129,81.90476190476191,36.813186813186825,61.42857142857143,0,0.0
2012,94130,48.14074370251899,22.75089964014395,22.35105957616953,0,0.0
2012,94131,68.60356810202765,17.038045425234653,53.17761696639679,0,1001183.3333333334
2012,94132,39.350835322195714,14.224343675417659,30.03659506762132,2,719216.6666666666
2012,94133,39.862218999274845,20.09789702683104,36.96881798404641,2,1003033.3333333334
2012,94134,21.214225102213994,11.617681092339735,15.305099128288205,0,571733.3333333334
2012,94158,43.801843317972356,35.11520737327189,61.72811059907835,0,901025.0
2012,94608,39.15134261752712,22.520581672693694,39.80149265215049,0,371333.3333333333
2012,94901,67.11752699013846,14.32752133389076,32.02173966505177,0,779675.0
2012,95838,41.97885575608804,14.848391865881894,5.2665346313704715,0,129841.66666666667
2012,98101,74.73352959090448,27.570804994416807,48.472236321185676,1,318050.0
2012,98102,82.71955973400597,35.4047236872277,56.188947489108,1,398866.6666666667
2012,98103,83.00719295894206,28.14189340124201,55.166867712102935,2,469908.3333333333
2012,98104,47.205067300079186,20.926365795724465,28.186856690419642,2,353750.0
2012,98105,71.69081912167535,13.013607846602454,30.387911990810284,0,577608.3333333334
2012,98106,57.16424294268606,20.54747647562019,20.983746792130027,0,251900.0
2012,98107,86.00009177258751,34.74969026751709,50.57128435736246,0,448133.3333333333
2012,98108,31.54703862297028,16.742273286132193,18.43388307118328,0,283683.3333333333
2012,98109,78.93595966259836,33.264219405306065,54.55445077988785,0,477000.0
2012,98112,84.31589630039672,20.610757449949254,57.32078605037365,0,708508.3333333334
2012,98115,82.1995856353591,19.07803867403315,52.609202348066304,0,481825.0
2012,98116,87.2180777238029,16.186675919500345,43.9234906315059,0,451041.6666666667
2012,98117,87.52508680832085,14.762192985250552,45.96858972316906,0,456741.6666666667
2012,98118,33.75071404090026,13.476522335199359,23.42511139038044,1,288225.0
2012,98119,84.1472850575759,21.710436484456785,47.872195166355645,1,551650.0
2012,98121,69.93453080409601,26.926305187174755,50.965250965250966,1,327666.6666666667
2012,98122,65.82925815834052,26.838623070284786,42.106945376674005,0,431641.6666666667
2012,98125,70.32585766625958,19.884534251138003,37.431997335405796,0,359133.3333333333
2012,98126,70.06064162754303,19.904147104851326,36.79577464788733,0,334958.3333333333
2012,98133,68.30974789536643,17.01085607240391,28.395061728395056,0,308566.6666666667
2012,98134,45.027322404371574,25.3551912568306,26.885245901639344,1,0.0
2012,98136,88.37321232123213,17.924917491749174,44.320682068206814,0,433516.6666666667
2012,98144,46.59500930532872,18.671426943674273,35.474191955638275,0,371875.0
2012,98146,63.527592381572525,13.592707146345436,17.080416734494552,0,243366.66666666666
2013,90001,60.05478451424398,16.868151935719506,1.9448502556610665,0,239191.66666666666
2013,90004,33.72370936902486,17.174952198852772,23.05130656469089,1,892941.6666666666
2013,90007,34.046742176823486,15.356820234869016,9.167766891344126,1,428850.0
2013,90010,19.67094120493588,26.881200096782,40.23711589644326,1,0.0
2013,90012,28.70157138986724,18.524790029802226,18.62977512869141,2,414416.6666666667
2013,90013,32.595553822152894,18.545241809672387,28.461388455538223,0,444350.0
2013,90014,46.03861517976032,20.97203728362184,30.49267643142477,1,439833.3333333333
2013,90015,33.82721429349602,15.954897047608672,15.012528597886481,1,546591.6666666666
2013,90016,24.84716434328264,14.752607196496944,10.870898821737569,0,408333.3333333333
2013,90017,26.95853504525363,23.334034940012625,12.085876657545779,0,493100.0
2013,90018,17.491442946100868,15.722297826714506,8.63953152707328,0,373275.0
2013,90019,37.897504892367905,16.71508072407045,21.870413405088065,0,731941.6666666666
2013,90020,23.360758541112727,20.069733607585412,25.881703707419852,0,400958.3333333333
2013,90021,37.58503401360544,14.897959183673473,15.884353741496598,0,0.0
2013,90023,44.12755396002305,15.824580064707707,3.3506182688472275,0,281608.3333333333
2013,90024,61.65921042304372,13.62334196687858,31.506553645710696,0,905491.6666666666
2013,90025,61.2398117322925,29.383538055332338,51.53024911032029,0,744133.3333333334
2013,90026,63.56400779908625,20.871285976195324,23.309955475365943,1,667033.3333333334
2013,90027,67.24783422576292,22.306386313177484,37.854251012145745,0,1087183.3333333333
2013,90028,58.68352811623034,24.936947177720146,30.368370572981423,2,705083.3333333334
2013,90029,41.42210505372066,17.941703143653005,17.37465181058496,0,578100.0
2013,90031,35.44142614601019,13.876959952062318,8.39408768600819,0,387850.0
2013,90033,51.16108381414504,13.894268996309814,4.10202042855104,0,293216.6666666667
2013,90034,59.99693371718653,28.20639490315657,38.28594790726198,0,806483.3333333334
2013,90035,70.85389851285525,20.471628117036037,43.69173199135456,0,974525.0
2013,90036,63.76000664801529,26.74441151214648,50.22298551286668,0,1264991.6666666667
2013,90038,39.42887786566564,19.93899986593377,17.690038879206327,0,652725.0
2013,90039,58.73784613109542,17.91193759473548,33.81271026655329,0,698241.6666666666
2013,90041,55.66783675495515,13.04471155550828,29.659965251923552,0,641725.0
2013,90042,54.489220262936506,17.02819062072151,17.320159015555152,0,497600.0
2013,90045,62.288935240365525,15.904350417163288,34.61462058005562,0,789925.0
2013,90046,80.37782926394583,27.192617675597536,48.232638270064754,0,1036558.3333333334
2013,90047,14.909641722592726,12.883680811225885,10.308627690236255,0,318708.3333333333
2013,90048,82.37474197785701,25.347157065115404,52.758491274160264,0,1309008.3333333333
2013,90049,85.25913338997452,17.858963466440102,58.068535825545176,0,2021450.0
2013,90057,23.638526612618968,20.16434614028904,11.2486781811773,0,326766.6666666667
2013,90064,71.86913381603647,15.496303106922573,44.61939240700303,0,1044658.3333333334
2013,90065,46.001503028159675,14.787144688563723,19.011095884355246,0,571150.0
2013,90066,63.34468330199387,19.34407345293151,35.90655757144551,0,913191.6666666666
2013,90067,83.04498269896193,7.352941176470589,50.60553633217994,0,839066.6666666666
2013,90068,79.37213627909087,20.051717098398587,49.71646327632354,0,1043008.3333333334
2013,90069,80.32415223578218,20.838358014567557,55.1299985528918,1,714000.0
2013,90071,0.0,0.0,0.0,0,0.0
2013,90077,88.11427227839172,6.113331765812367,51.86926875146956,0,2004808.3333333333
2013,90089,52.74725274725275,2.1672771672771667,1.434676434676435,0,0.0
2013,90094,52.01640464798359,34.75734791524265,60.68010936431989,0,687258.3333333334
2013,90230,60.16390907685171,13.289005721354568,32.852945724447196,0,660633.3333333334
2013,90232,68.92713860489194,18.08593244467452,34.48298175229713,0,887733.3333333334
2013,90272,91.02243294262259,5.663110759910444,54.497563545370724,1,2251333.3333333335
2013,90291,79.76369573991853,22.3498330459032,47.89931383700877,0,1393575.0
2013,90292,79.25334323922732,21.466381872213965,55.81816493313522,0,775191.6666666666
2013,90501,41.908762655464564,14.089160550350462,19.182026290326387,0,548025.0
2013,90710,55.184494968319036,12.97428251956765,16.772269847185985,1,469800.0
2013,90731,71.2185831488475,13.91620002604506,13.857598645656989,0,475275.0
2013,90732,79.04941224365172,10.92565263854257,25.204824181975468,0,499841.6666666667
2013,91040,78.56032338308458,13.090796019900493,21.95273631840796,0,439866.6666666667
2013,91303,60.89590188453486,18.718217170206398,14.866886030511516,0,374908.3333333333
2013,91306,43.816704609536544,14.996136093067939,15.319868836024144,0,429800.0
2013,91307,72.94085346721054,7.287417634138689,32.86005647944776,0,547325.0
2013,91311,62.48130755306032,11.879213999003069,28.672245979484213,1,495341.6666666667
2013,91316,82.53893856359966,18.719353908278052,38.10210556677242,0,506691.6666666667
2013,91324,53.10577204805157,12.686785818927627,22.630383826545557,1,470008.3333333333
2013,91325,58.36176443947947,14.123969686905587,24.504091060052534,0,534925.0
2013,91335,67.44805262608331,14.362535240680803,14.647071107862587,0,408541.6666666667
2013,91342,62.40104364114801,12.852619137881053,10.426376469014118,0,379916.6666666667
2013,91343,53.90959708605446,15.09282585324369,14.150928258532437,0,437491.6666666667
2013,91344,65.14784844588974,10.523330560387203,23.93556681539741,0,494075.0
2013,91345,57.16007450421825,13.942149665826669,13.777802125561518,0,392616.6666666667
2013,91352,75.43056934432597,16.180342728881598,9.021452928734838,0,374983.3333333333
2013,91356,77.01894317048853,12.68195413758724,32.868062479228975,1,739150.0
2013,91364,80.12398444418774,9.760887143352203,37.98852566323978,1,730233.3333333334
2013,91367,70.91788870784576,15.373031155878143,37.87340147138696,0,607808.3333333334
2013,91401,64.32878933765774,18.205544012567774,21.197993209344755,0,595458.3333333334
2013,91402,42.05718602243796,17.434182916934787,9.28713314495146,0,345041.6666666667
2013,91403,80.90571138898277,16.63991213247719,46.59935789117946,0,801366.6666666666
2013,91405,46.962432258657124,17.099292734453936,12.282538807752367,0,419908.3333333333
2013,91406,50.67765081052352,16.468623059109373,14.636877870999582,1,434075.0
2013,91423,79.6510519290663,18.956969427318374,41.70533274010041,1,798866.6666666666
2013,91436,89.09309394217856,7.775500106029548,45.79062698805401,0,1219958.3333333333
2013,91601,68.87084402359352,23.828920570264767,25.71481471685137,0,492191.6666666667
2013,91602,75.64008778346745,24.545608013054977,44.75268696190423,0,664766.6666666666
2013,91604,83.91878600533933,18.807081635520586,47.03526766896164,0,959250.0
2013,91605,54.04979119244351,15.641747172584374,10.902801426702274,0,392391.6666666667
2013,91606,55.71547130252468,16.14833580850878,14.2482746571154,0,424058.3333333333
2013,91607,77.74980167626669,18.670023798848,33.61501051978063,0,675691.6666666666
2013,94102,45.02917197944439,20.466751671110078,31.181175379622122,2,725058.3333333334
2013,94103,46.00326264274062,19.70552557828251,33.262224453089054,-1,827641.6666666666
2013,94104,60.66350710900475,9.47867298578199,49.28909952606635,1,0.0
2013,94105,55.285431298397256,39.13200072033135,77.74176121015667,1,1019900.0
2013,94107,59.739373923032744,28.974009190120622,58.116743251005175,-1,935550.0
2013,94108,33.12422496170399,21.372820774673574,31.964402946969148,0,795166.6666666666
2013,94109,59.04104901024875,29.478196653397934,50.591689331580184,1,980366.6666666666
2013,94110,65.45862910381544,25.08179902395741,41.17402395740905,2,1115150.0
2013,94111,59.95423340961098,18.306636155606405,56.63615560640732,2,1014391.6666666666
2013,94112,33.59040688538065,14.974735875057418,19.528322413751415,0,720866.6666666666
2013,94114,81.69570341115394,19.352167404529094,65.53173870114979,2,1472650.0
2013,94115,60.27174234799597,26.12041915813155,53.69131490142679,1,1225175.0
2013,94116,38.52780299842771,14.217064906880438,33.99915849148527,0,902166.6666666666
2013,94117,73.85969976905312,31.60123171670516,57.0222286374134,3,1240433.3333333333
2013,94118,54.097587610443775,21.959694232105626,46.42857142857143,1,1563191.6666666667
2013,94121,47.95268858065742,17.644404332129966,41.64449933498005,1,1062908.3333333333
2013,94122,42.543882584671174,21.182171556066862,41.086649584270255,1,928908.3333333334
2013,94123,83.56734693877551,34.6204081632653,69.19183673469388,-1,1959541.6666666667
2013,94124,19.47662069160837,14.307966807329574,13.381857316831402,2,597741.6666666666
2013,94127,58.5053126277074,10.844912137310994,51.62954638332652,0,1232808.3333333333
2013,94129,84.85827054180122,29.314675278076788,62.79153211338356,0,0.0
2013,94130,42.72795779954785,23.474001507159013,22.908816880180858,0,0.0
2013,94131,66.40404340716516,17.470640701650066,55.27724096922848,0,1163600.0
2013,94132,38.53603603603604,13.214285714285715,29.97104247104247,3,815666.6666666666
2013,94133,40.21451555237755,20.840185913478727,37.887021809081155,2,1137866.6666666667
2013,94134,21.244364292155094,12.649748808450342,15.715573876078837,1,667591.6666666666
2013,94158,47.46119946349875,38.838858018777536,64.15022034872581,0,1060350.0
2013,94608,41.8746195982958,22.215459525258673,39.603621424223974,0,443133.3333333333
2013,94901,66.45313717848792,14.109996102883866,31.483826968043648,0,858991.6666666666
2013,95838,39.798785971223026,14.559914568345322,5.755395683453237,0,148358.33333333334
2013,98101,72.9869397726205,26.66541388706192,47.496006765009874,2,348891.6666666667
2013,98102,81.52758636020094,34.930867380962965,58.42706619837282,1,427516.6666666667
2013,98103,81.60530849231162,29.09462132329484,54.950126544588365,3,518550.0
2013,98104,48.1625359334939,19.84305803744853,28.156320410224534,2,389600.0
2013,98105,70.65428394952792,13.862172416835786,31.875937527574333,2,632025.0
2013,98106,54.83546426325718,21.31628589394257,22.16306853909034,0,278491.6666666667
2013,98107,85.82469539916349,33.633387888707034,53.873431533006,1,486750.0
2013,98108,32.752018646466325,17.572629651211187,19.29992508116208,0,313658.3333333333
2013,98109,82.89605083976396,33.490694507489785,55.48797094870631,0,520025.0
2013,98112,84.83489038941819,19.910276570160025,57.95948570900009,0,748983.3333333334
2013,98115,83.19716032009408,19.010312742853547,52.746214110184624,0,520508.3333333333
2013,98116,86.78129356596679,14.262177347809555,44.522833847323724,0,482266.6666666667
2013,98117,89.05888863569777,15.645040528663044,48.00611999088512,0,496008.3333333333
2013,98118,34.825072217891694,14.156999403915815,23.26333165207025,1,316991.6666666667
2013,98119,82.77280858676207,22.95169946332737,47.8309481216458,1,607050.0
2013,98121,65.68989575638184,25.6997455470738,51.2271197570385,1,342266.6666666667
2013,98122,66.2612309761017,27.519711509076465,42.93747325958071,1,466641.6666666667
2013,98125,69.32376378124657,18.843466870428998,37.52046719790416,0,389775.0
2013,98126,70.02084242159856,20.071736706897386,37.177063642092,0,364116.6666666667
2013,98133,67.5336709406314,16.46805301152893,29.132636569335197,0,335816.6666666667
2013,98134,46.845794392523366,21.26168224299065,24.649532710280376,1,0.0
2013,98136,84.51573931136319,18.42405530572522,45.2177998523391,0,460516.6666666667
2013,98144,48.60948200839986,18.32078398728669,36.81940292860116,0,399816.6666666667
2013,98146,61.421620980182745,14.081721450891974,18.017483485621614,0,273641.6666666667
2014,90001,49.89345455836914,16.367155591859927,2.1451148915012253,1,261275.0
2014,90004,34.54293672399956,16.872551025225423,23.321321226808504,1,1006733.3333333334
2014,90007,28.785490760410248,15.697023687155946,10.00479682039334,1,469991.6666666667
2014,90010,19.69936708860759,29.69409282700422,40.374472573839675,2,0.0
2014,90012,28.5124379766226,20.08391887841753,20.8431849212428,2,454991.6666666667
2014,90013,32.009456264775416,20.62411347517731,30.61938534278959,0,496691.6666666667
2014,90014,49.5269559993993,22.36071482204535,35.93632677579215,1,440525.0
2014,90015,31.69647755953034,16.827608910347855,15.878415450455394,1,600416.6666666666
2014,90016,28.49788641024568,15.05671117063575,12.260913238186918,0,459433.3333333333
2014,90017,30.57042877018424,21.219275686158774,13.874952569669885,0,549650.0
2014,90018,20.308278064357648,15.544911160239089,9.023172029804307,0,435733.3333333333
2014,90019,37.205277638079465,16.926012484099047,21.298405466970387,0,813233.3333333334
2014,90020,24.968032325712237,19.446575622730293,26.788911053143057,0,423591.6666666667
2014,90021,38.173704085135604,16.889804325437694,15.00171644352901,0,0.0
2014,90023,51.60397506864839,14.333347862093012,3.724447543913176,1,307458.3333333333
2014,90024,60.69597142686114,13.482451064509052,32.68950655466209,0,972266.6666666666
2014,90025,62.38406501192475,29.862644642699408,51.61425669110504,0,786200.0
2014,90026,65.40170035007208,21.513252728502927,24.788927132056603,1,728033.3333333334
2014,90027,66.47474198804997,23.77403585008148,39.26996197718631,0,1166033.3333333333
2014,90028,59.89864639594585,24.594918983796763,30.206041208241647,2,780008.3333333334
2014,90029,43.65678145464505,17.885510818953712,18.40840616518513,0,687900.0
2014,90031,37.502860193730456,13.998423715455216,9.165331909592457,0,420791.6666666667
2014,90033,55.543887825066406,14.143348364115553,4.484526530360121,0,331216.6666666667
2014,90034,61.00596933930265,28.383190883190885,37.66958350291684,0,873133.3333333334
2014,90035,71.87490047453741,20.00063696296061,44.202044651103535,0,1060608.3333333333
2014,90036,65.56760466712423,27.13246396705559,50.57515442690461,0,1351133.3333333333
2014,90038,40.18334606569901,21.86610181262588,19.869435377456764,0,772891.6666666666
2014,90039,55.884782530618104,18.816219516575078,34.22404194950257,0,766991.6666666666
2014,90041,54.333837336052596,12.989204965012837,30.138190513027894,0,691300.0
2014,90042,52.018547039355106,17.0806435757119,16.97086869613658,1,561766.6666666666
2014,90045,61.582997611753065,16.348635804404992,34.800858803946646,0,858558.3333333334
2014,90046,79.95480137933721,27.148395643788113,49.87823647450759,0,1174975.0
2014,90047,16.096087150790442,12.585374156896956,10.087448669120619,0,346866.6666666667
2014,90048,81.77517961533313,25.66379579633183,54.009549734481666,1,1482783.3333333333
2014,90049,85.24473937950202,17.582666893539788,59.897339912653855,0,2181433.3333333335
2014,90057,23.21245108968894,18.96517804446193,11.09799549697248,0,353116.6666666667
2014,90064,71.24243834341554,16.340933767643865,45.90119435396309,0,1176658.3333333333
2014,90065,46.96891079690405,14.729536904916332,18.943226531759414,0,622225.0
2014,90066,62.85719183365617,19.251932735656613,37.142808166343826,2,1032275.0
2014,90067,82.95262267343486,9.22165820642978,53.72250423011844,0,828458.3333333334
2014,90068,77.1362165610901,21.56952103176411,53.04652964498929,0,1182108.3333333333
2014,90069,78.2727895819054,20.199745422500733,56.26162733770684,1,775791.6666666666
2014,90071,0.0,0.0,0.0,0,0.0
2014,90077,87.2478386167147,7.9851104707012475,54.23871277617675,0,2124975.0
2014,90089,51.05231509320505,1.5935057125676488,0.9921828021647624,0,0.0
2014,90094,48.64731111844276,30.2870339821841,58.77598152424942,0,747316.6666666666
2014,90230,60.24478694469628,15.234209731036565,34.43336355394379,0,734100.0
2014,90232,72.23995310362795,16.37464990555592,35.99947892919951,0,956883.3333333334
2014,90272,89.07094522705026,4.706983870281311,53.92603311060986,1,2377458.3333333335
2014,90291,79.97338416717619,23.180951695860163,48.27536596770133,1,1626866.6666666667
2014,90292,80.09020318965919,22.546147765843678,57.599851211233556,0,833800.0
2014,90501,41.290575252839396,14.046121593291405,19.485336466468546,0,575400.0
2014,90710,51.48457350272232,12.584392014519056,16.682395644283122,1,490916.6666666667
2014,90731,67.89471995894014,13.398986334766152,14.010072496311029,0,504583.3333333333
2014,90732,74.8864209994952,11.630489651691065,27.652700656234227,0,511375.0
2014,91040,82.80461607633511,12.124694010091426,20.877254333816254,0,480525.0
2014,91303,65.88924425917274,19.67872929169512,15.301685413447373,0,405916.6666666667
2014,91306,42.973289260270604,15.56244482312604,15.609665961771407,0,455908.3333333333
2014,91307,71.56698050552801,8.243153494550143,31.43337109817557,0,572541.6666666666
2014,91311,63.56271015912522,12.452010908416955,29.86841060128677,1,531591.6666666666
2014,91316,80.858460446967,18.435615466477472,39.368570415040786,0,543441.6666666666
2014,91324,51.83700047981355,13.201727328809376,22.640345465761875,2,513025.0
2014,91325,58.33104835024221,14.011516314779275,24.281753648356336,0,574808.3333333334
2014,91335,71.06039614121511,13.780275041050905,14.84375,0,432650.0
2014,91342,68.50743176192191,13.781747200139588,10.580037295122189,0,410800.0
2014,91343,53.72240867432554,14.687943720149734,14.73634955466632,0,466741.6666666667
2014,91344,63.4402332361516,11.447380795636224,24.60453305746261,0,532700.0
2014,91345,57.68850296768521,12.612662123543634,13.557924818641457,0,424316.6666666667
2014,91352,76.59256730810256,17.081964415240858,9.011392243034518,0,413741.6666666667
2014,91356,75.20018762354675,13.894193721312027,33.015043387945184,1,770833.3333333334
2014,91364,77.09731232622798,10.339202965708989,37.22335495829472,2,754333.3333333334
2014,91367,72.0906992790692,14.454305360584355,37.80722834233505,0,628691.6666666666
2014,91401,58.30432313655779,18.43073352591166,21.334222156383483,0,626891.6666666666
2014,91402,47.15531004083017,17.34787584238708,9.762506887441543,0,368983.3333333333
2014,91403,81.2425573851271,15.58740196279719,46.363897671744745,0,861008.3333333334
2014,91405,42.93899561846983,16.34835037261731,12.50046811219713,1,445175.0
2014,91406,49.050963981467646,16.172844118965777,15.093035420714395,1,457366.6666666667
2014,91423,81.45035792094616,20.79676314970433,43.06567071272953,1,854950.0
2014,91436,87.45450799972531,8.356794616493854,46.48767424294445,0,1312816.6666666667
2014,91601,66.87553183259844,25.10249864624429,25.166963203630644,0,522716.6666666667
2014,91602,74.45809445809445,24.630084630084628,42.866502866502856,0,713291.6666666666
2014,91604,81.58709411117226,18.16524490919097,46.88703907539901,0,1104308.3333333333
2014,91605,55.20870495897253,16.259364966107746,11.776667855868714,0,430558.3333333333
2014,91606,58.17186091011064,16.594453119845163,14.447841291486132,0,466483.3333333333
2014,91607,77.45598323814673,18.485350275421577,33.05396911223007,0,705983.3333333334
2014,94102,42.9514868096955,21.265126905365367,32.142219683718274,4,843650.0
2014,94103,45.267131242741,19.279907084785133,35.697693711631,2,943608.3333333334
2014,94104,56.95067264573991,7.174887892376683,50.224215246636774,3,0.0
2014,94105,56.4310729067176,34.909264565425026,78.03247373447947,3,1161425.0
2014,94107,59.20408750719631,28.5513816925734,58.98100172711571,-1,1077900.0
2014,94108,32.52692031586504,22.261306532663315,31.823402727925338,1,898033.3333333334
2014,94109,59.21706105755186,31.843412211510373,53.2792871749927,1,1084916.6666666667
2014,94110,60.83279661728879,23.88059701492537,40.635938506342576,3,1280100.0
2014,94111,57.34828875467357,16.738567730802416,55.277538107564,3,1111983.3333333333
2014,94112,30.5617111475094,16.120290972155313,20.352394257635613,0,823316.6666666666
2014,94114,79.86595922926557,19.026342734804057,66.43395699525271,2,1668175.0
2014,94115,61.832966778562344,25.88262530385461,54.054288690820705,1,1379783.3333333333
2014,94116,38.101510361784335,13.872058306989816,33.254302774850714,0,1053158.3333333333
2014,94117,74.3163375392842,30.627609174914394,57.061775880669835,3,1398808.3333333333
2014,94118,57.74275597227071,23.48261932073213,48.76814123983842,1,1728516.6666666667
2014,94121,46.14561282496491,16.613942868016082,40.1850486406774,0,1213016.6666666667
2014,94122,42.65291133619144,21.87985720873828,42.79638580969136,2,1079941.6666666667
2014,94123,83.61798809150737,35.19664681917894,67.5571921027891,1,2393625.0
2014,94124,16.187040140905086,15.613192807022527,14.425726541859607,2,713333.3333333334
2014,94127,58.27133705311015,11.087001446579874,51.451746228559635,0,1388941.6666666667
2014,94129,84.04319136172765,26.754649070185966,64.00719856028795,0,0.0
2014,94130,37.463509568602014,26.662341874797274,19.234511839117747,0,0.0
2014,94131,67.1060979908354,18.22700035248502,55.886499823757475,0,1345700.0
2014,94132,38.14759130489257,13.208670049489445,29.68113763077116,3,925983.3333333334
2014,94133,41.439519919022494,20.15761694743692,38.370327525124715,2,1289941.6666666667
2014,94134,20.201769823761246,14.245346156706242,16.352279205810174,1,744875.0
2014,94158,46.63652802893309,41.62748643761302,62.60397830018083,0,1175691.6666666667
2014,94608,43.52087528017323,22.565816966151274,40.21957983512517,0,530708.3333333334
2014,94901,66.30737383110858,14.13615056987175,30.342398934018608,0,942300.0
2014,95838,40.29219423959928,16.268262139974954,5.52942813413107,0,164000.0
2014,98101,73.87762658520779,23.428677219290943,49.02341942053133,3,395941.6666666667
2014,98102,81.26097646645592,34.321215314366,59.119248331577104,1,467991.6666666667
2014,98103,82.62158581971867,29.84293193717277,55.43640530709224,4,584383.3333333334
2014,98104,47.84093496243455,21.211201335660625,29.3314107915307,3,433841.6666666667
2014,98105,68.47557857762166,14.515017451812987,32.16246859785243,2,702866.6666666666
2014,98106,54.833553131119366,19.965631618910603,22.355433001638488,0,322200.0
2014,98107,86.12330932724397,34.274547690145795,55.3311083787107,2,555141.6666666666
2014,98108,32.07679603633361,17.060280759702724,18.922378199834846,0,358533.3333333333
2014,98109,80.19731261997231,33.89134413642248,57.198339359849996,1,581000.0
2014,98112,83.09555854643337,20.995962314939433,58.008075370121134,0,853941.6666666666
2014,98115,82.54046707030767,18.73223773631533,52.386836360640885,0,588741.6666666666
2014,98116,85.45836837678722,14.735071488645922,44.72666105971405,0,557683.3333333334
2014,98117,88.96721001951036,15.822266977154007,48.49581471458242,0,564850.0
2014,98118,33.967146714671465,15.099009900990099,24.10666066606661,1,366633.3333333333
2014,98119,82.73206840806604,24.529907257721433,51.24223602484472,1,680850.0
2014,98121,68.39959225280326,29.95373637575473,52.15243472124207,1,415166.6666666667
2014,98122,64.62970576143772,27.474011863510896,43.51911669701063,2,539016.6666666666
2014,98125,65.76943556975506,18.631522896698613,37.18849840255591,0,440241.6666666667
2014,98126,68.85624538063563,19.16112342941611,34.39116777531412,0,406308.3333333333
2014,98133,67.22910852964718,17.1955783416618,30.713652194604887,0,382641.6666666667
2014,98134,46.58823529411765,15.176470588235292,24.823529411764714,1,0.0
2014,98136,85.32871520062737,14.965364004705267,42.54345837145471,0,525508.3333333334
2014,98144,48.556153622345064,18.540878673261567,36.910823392493455,0,456241.6666666667
2014,98146,61.88476790296246,13.494285047818988,16.96213358214758,0,305816.6666666667
2015,90001,42.79972740140144,15.632481171475003,2.439407971761581,1,299775.0
2015,90004,38.14366954130733,17.535308086489188,23.90013748281465,1,1167616.6666666667
2015,90007,28.632616404918714,16.819416939160874,10.841431400543454,2,519733.3333333333
2015,90010,18.208556149732626,27.967914438502675,37.11229946524064,2,0.0
2015,90012,30.427738172391443,19.86390149060272,21.733635774465327,3,464633.3333333333
2015,90013,35.05619966368705,23.85166828922913,32.79051243472873,1,550825.0
2015,90014,49.942906080502425,24.1364544675992,38.1530117042535,2,483266.6666666667
2015,90015,33.03138487771087,19.315820322907232,18.79362711141898,1,636208.3333333334
2015,90016,31.021222945997057,15.841563353645725,12.561462492120194,0,545941.6666666666
2015,90017,30.0706771860618,21.511341222879686,16.510519395134782,0,578875.0
2015,90018,19.976316634553626,15.715317919075146,9.40309890815671,0,520241.6666666667
2015,90019,38.590440098885324,16.096990511154207,22.465323523751717,0,891308.3333333334
2015,90020,28.126724527166015,20.649174735363463,26.724527166006123,0,460533.3333333333
2015,90021,36.16161616161616,16.127946127946128,15.62289562289562,0,0.0
2015,90023,56.28240580712064,14.023072934669893,3.4717421361908056,1,349733.3333333333
2015,90024,58.611642633105156,13.143826563825384,32.430513088592114,0,1085175.0
2015,90025,64.15294857613812,30.596221831825968,51.94439022274275,0,827825.0
2015,90026,61.77758318739054,22.18768242848803,25.691768826619963,2,783275.0
2015,90027,67.06255627492175,24.420100330146212,41.37975389100888,0,1325441.6666666667
2015,90028,57.19552337063858,26.379196840026328,31.398946675444368,3,800075.0
2015,90029,42.515813401858075,19.440600909270607,18.981023917770308,0,742425.0
2015,90031,37.697224899802144,14.59844756734818,9.81685353355994,0,465591.6666666667
2015,90033,60.53607307827743,14.833150361455765,4.737245479213705,0,368625.0
2015,90034,60.30928722726412,27.701527493154693,38.78489383319844,2,973725.0
2015,90035,72.75055101776222,20.64695967846493,44.826915597043964,0,1187500.0
2015,90036,67.82943676939425,26.248671625929862,49.87778958554728,0,1503350.0
2015,90038,41.79235049165413,21.569793890191413,20.708961752458276,1,814283.3333333334
2015,90039,54.32519805321681,19.414544033535822,35.60339621300934,0,810725.0
2015,90041,53.743575496596755,12.494790943186555,29.82358660925129,1,746608.3333333334
2015,90042,48.25219473264166,18.402234636871512,17.584996009577015,1,631708.3333333334
2015,90045,59.12170220886408,17.480082057153762,35.71394494537474,1,980283.3333333334
2015,90046,79.09817815724767,26.105980523126373,51.433660529321784,0,1273566.6666666667
2015,90047,16.794034265992853,12.744977197091089,9.495049098155224,0,385891.6666666667
2015,90048,79.83820784069695,27.26909058582985,54.26260112009956,2,1630500.0
2015,90049,84.46947243627741,17.201569424450277,59.638129110565394,1,2384450.0
2015,90057,22.406415962501878,19.153282160442068,12.206239652540367,0,393325.0
2015,90064,71.03547604608855,15.983171619163127,46.880685263796245,0,1306825.0
2015,90065,50.208937404059355,14.094746716697935,20.24134402183183,0,684133.3333333334
2015,90066,63.03531560787498,18.851904471957248,37.22684527433868,2,1196341.6666666667
2015,90067,76.65236051502146,6.266094420600858,52.61802575107296,0,942325.0
2015,90068,77.57264635237601,20.32214006499317,55.606838411906,0,1266058.3333333333
2015,90069,77.93562487581958,20.698390621895488,58.34492350486787,1,858691.6666666666
2015,90071,0.0,0.0,0.0,0,0.0
2015,90077,84.78064224332881,7.745364088647669,53.84441429217549,0,2327875.0
2015,90089,47.93041391721656,0.9298140371925616,0.9298140371925616,0,0.0
2015,90094,48.323126275882174,23.228346456692915,56.167979002624676,0,876841.6666666666
2015,90230,62.768153105259856,16.802176496341232,35.708924885859034,0,806558.3333333334
2015,90232,72.0078940667176,17.627960275019102,37.21670486376369,0,1083066.6666666667
2015,90272,86.75106542993231,4.921868471630316,54.29514498203393,1,2593733.3333333335
2015,90291,79.84687304450252,23.473331615563,48.93804983987928,1,1826008.3333333333
2015,90292,77.54508971816044,23.70035518243461,55.288528068637845,0,915933.3333333334
2015,90501,43.008459844709705,13.941360528450575,20.716189593232123,0,604333.3333333334
2015,90710,44.99034854499764,12.517755035145864,15.842954437848272,1,531475.0
2015,90731,64.1758560650029,13.232733604178758,14.013026375185401,0,533775.0
2015,90732,72.52182845403183,11.360134472615213,26.689078769202037,0,540316.6666666666
2015,91040,82.06720416645801,11.783264059291902,21.583454354249085,0,523266.6666666667
2015,91303,61.752231006752396,20.202911336568157,14.96046961419701,1,438566.6666666667
2015,91306,42.067754179116534,15.458693369942665,15.967455382379065,0,490333.3333333333
2015,91307,73.11110263549334,8.24974255311034,30.30626644799573,0,604100.0
2015,91311,64.17867809375406,11.962082846383588,30.20386962732113,1,561416.6666666666
2015,91316,79.89388632659431,19.506189964282,39.20657488643063,0,590608.3333333334
2015,91324,52.131803347720826,14.755939221672456,23.935852896796156,2,551708.3333333334
2015,91325,59.45717986565051,14.169955116426186,24.71006416242432,0,609250.0
2015,91335,71.15940176402914,14.063658443052535,14.661894413907707,0,464833.3333333333
2015,91342,71.15207669098925,13.781482036248475,10.977253760725826,1,443033.3333333333
2015,91343,49.45361580071396,14.929305211304928,14.361876256839544,0,506741.6666666667
2015,91344,59.22552505223032,11.771066231719384,25.92823369864018,0,571575.0
2015,91345,55.98599255854673,11.742175530750714,12.956883344276646,0,455666.6666666667
2015,91352,77.34051279893991,16.584986222998126,10.12767389521065,0,443225.0
2015,91356,73.91997828078868,14.134455492584925,33.26093596226287,1,831066.6666666666
2015,91364,76.79335793357933,10.129151291512915,36.68634686346864,2,794441.6666666666
2015,91367,71.82817417445631,14.956080605007278,39.215087603926904,1,678208.3333333334
2015,91401,57.87660431375404,18.232768032607908,21.30674236358784,0,686325.0
2015,91402,49.57715525634963,16.55631902523159,9.847831529752137,0,401208.3333333333
2015,91403,81.03847560232398,16.54003981635721,46.23572908625522,0,953475.0
2015,91405,41.250679513374706,16.214595010028678,12.538661967870734,1,492366.6666666667
2015,91406,46.10036053270546,15.633507468177473,15.524979766021634,1,507058.3333333333
2015,91423,80.0191921312262,21.01838246319009,43.641107146070105,1,927475.0
2015,91436,90.19327129563351,9.005010737294201,47.265569076592705,0,1404650.0
2015,91601,66.81116787944471,25.710894359291938,27.086236259482888,0,577033.3333333334
2015,91602,72.84200174825175,23.115166083916087,43.0506993006993,0,760691.6666666666
2015,91604,81.27787505368529,17.16938121510456,48.148270507780246,0,1255441.6666666667
2015,91605,59.01194646546304,16.516662175514238,12.2680319770053,0,461691.6666666667
2015,91606,60.433743550800706,16.987916824872134,15.261429879614944,0,501916.6666666667
2015,91607,77.23859614303198,19.135986239290798,33.87913069365883,1,749966.6666666666
2015,94102,44.084906312659896,22.49533291848164,32.596971582659194,4,848591.6666666666
2015,94103,44.765313258463955,20.49035336706569,37.91188448722696,4,957141.6666666666
2015,94104,44.07894736842105,15.789473684210524,39.144736842105274,3,0.0
2015,94105,54.6332678454486,34.937786509495744,76.03143418467585,5,1190766.6666666667
2015,94107,57.564330854369615,28.03673056108376,56.10139310778254,2,1137591.6666666667
2015,94108,33.33567218635981,22.20039292730845,34.19169239404996,1,998358.3333333334
2015,94109,59.490522800348174,32.305970546959664,55.053026131135304,1,1160041.6666666667
2015,94110,59.80311052283257,24.1244760644165,42.35743437017428,1,1309908.3333333333
2015,94111,50.24099801531047,13.637652395803798,52.45250921462999,7,1086933.3333333333
2015,94112,27.874502347138872,16.163764929585835,21.02204527898271,0,861783.3333333334
2015,94114,79.82391557764281,20.59022025891159,66.81084729124485,2,1708425.0
2015,94115,59.5437219093133,25.044091710758376,54.14177618478694,0,1497233.3333333333
2015,94116,37.4152198248425,14.552558221207663,34.818586887332906,2,1143158.3333333333
2015,94117,75.20135650699449,31.52701238754651,58.56530544957844,3,1435425.0
2015,94118,58.15998647048875,26.075716943296854,50.059191611703035,1,1848141.6666666667
2015,94121,45.2653559194782,17.239923044437145,41.462155694242405,0,1311075.0
2015,94122,41.842144134976785,21.73677559126196,44.42876134517226,3,1193450.0
2015,94123,82.90270248882206,36.08594151861671,68.67803584853401,1,2633366.6666666665
2015,94124,16.515281348186235,16.26678091973722,15.558411882319335,1,744983.3333333334
2015,94127,56.93715931296924,10.454592204052249,51.19304741334979,0,1467733.3333333333
2015,94129,88.23852706787581,28.02967848309975,56.60895850508382,0,0.0
2015,94130,37.37056793222465,26.82773768434264,21.96422968308755,0,0.0
2015,94131,66.57769036246137,18.439168305703852,56.04453498173644,0,1399016.6666666667
2015,94132,37.01726452499142,13.440104898379696,30.58911679310668,3,1015933.3333333334
2015,94133,42.29215935965072,20.702201200654898,38.71930143714753,2,1277158.3333333333
2015,94134,17.235448760472714,13.7367632244908,16.898847694159848,1,778750.0
2015,94158,48.25126152775361,44.5623803723682,65.46024012528275,0,1220233.3333333333
2015,94608,43.008,22.328888888888887,40.696888888888886,0,624750.0
2015,94901,65.28666917717943,14.404067030691015,31.220579928450388,0,983366.6666666666
2015,95838,41.868418926561276,16.667115503729836,5.418361026580131,0,192891.66666666666
2015,98101,73.34159950402977,24.57709680276326,48.950491541936046,4,467541.6666666667
2015,98102,80.09723102938068,33.87444514901713,60.17332487846121,1,545350.0
2015,98103,83.41152263374488,28.95267489711934,55.69753086419753,4,675650.0
2015,98104,47.472607742878004,24.360847333820306,30.745069393718047,3,486433.3333333333
2015,98105,67.59090409755025,14.566626386905416,33.380204328243444,2,831575.0
2015,98106,53.704832743974315,20.184530341828236,23.17603544283217,0,382516.6666666667
2015,98107,85.60541553133515,36.63572888283379,57.054666212534066,2,655341.6666666666
2015,98108,30.89826182083384,17.146793079696938,19.172642923706494,0,438091.6666666667
2015,98109,76.69938650306746,35.141104294478524,58.605316973415135,2,671883.3333333334
2015,98112,84.09806567701304,20.112460638776426,58.349077822762034,0,979825.0
2015,98115,81.8965173335461,19.042964854190767,52.22204491961543,0,681625.0
2015,98116,84.94659546061416,15.082610146862484,46.82910547396529,0,641541.6666666666
2015,98117,88.25851320447356,15.980075812161274,49.055480718022615,0,652858.3333333334
2015,98118,36.12480206962689,15.88795468230781,25.55810789714311,1,440950.0
2015,98119,82.4063231850117,26.06641017062563,51.33405821344932,1,780033.3333333334
2015,98121,65.73400623422889,34.169511652070646,55.840878729404785,3,491133.3333333333
2015,98122,66.01905740043364,29.11103503366427,45.01312335958006,2,644325.0
2015,98125,65.19590360218068,18.05930605798135,37.7260916084985,0,512058.3333333333
2015,98126,64.83434723620289,17.80384261893299,34.42601426758283,0,476991.6666666667
2015,98133,68.39128839387857,17.958514105635782,31.006497010511776,0,448766.6666666667
2015,98134,51.44291091593475,13.801756587202007,20.07528230865747,1,0.0
2015,98136,83.89231268245216,13.123580927667856,44.703211157963025,0,599491.6666666666
2015,98144,49.046003815984726,17.36626386827786,36.212988481379405,0,551216.6666666666
2015,98146,59.64459408903854,13.830901608679385,18.39880284324729,0,372983.3333333333
2016,90001,35.91695143419282,15.546581063822444,2.4438231334783063,1,333733.3333333333
2016,90004,40.591172042158654,18.56723987637689,24.673904429828035,1,1271400.0
2016,90007,29.312275185211657,16.041354010338498,11.882131541961458,2,568866.6666666666
2016,90010,18.870601589103288,29.228149829738932,42.90578887627696,2,0.0
2016,90012,29.001628614448578,20.409919183849066,21.881817902467503,4,515341.6666666667
2016,90013,37.27288309907439,25.891326705519372,35.781624957147756,3,595833.3333333334
2016,90014,51.0777360589626,25.21207064386038,40.75928243637881,2,506433.3333333333
2016,90015,34.13148931778306,20.55939725461864,20.48198988543709,2,656400.0
2016,90016,36.72125576159222,17.054312963316978,13.936149875740776,0,622075.0
2016,90017,34.230948316001864,20.902529877386307,17.429768741269594,0,599475.0
2016,90018,18.74552179554213,15.85816921319158,10.153178798969769,0,610516.6666666666
2016,90019,35.45892309937253,16.928352546330075,22.870275791624106,0,965791.6666666666
2016,90020,28.55613642021409,22.233009708737864,27.966143888473987,0,506300.0
2016,90021,33.92010832769127,17.027758970886932,17.36628300609343,1,0.0
2016,90023,63.05378558709318,14.164038531677074,3.6193173285276012,1,388125.0
2016,90024,60.88827231236304,12.393188169773008,33.00762008162937,0,1164083.3333333333
2016,90025,62.992261392949274,30.730868443680137,51.41014617368872,0,901833.3333333334
2016,90026,55.96755332534008,23.282561392601806,27.181491185221372,2,858708.3333333334
2016,90027,66.70069283061487,26.44701691896705,42.83604456703517,3,1414225.0
2016,90028,55.6423109054688,25.29721740248056,32.85457232825654,3,865483.3333333334
2016,90029,38.67849510461706,18.836041946225336,18.701853784603152,0,782441.6666666666
2016,90031,37.365177195685675,14.173086800205445,11.206985105290189,0,534366.6666666666
2016,90033,66.36422817153552,14.641142485149318,5.2485963056391896,0,419516.6666666667
2016,90034,59.41716135995683,27.10861201538917,39.59751405741344,2,1141800.0
2016,90035,74.2659080504872,21.169315283500094,43.234582434111566,1,1286408.3333333333
2016,90036,65.37660488782262,27.17302470274973,49.864227149297406,0,1682041.6666666667
2016,90038,41.534363345764525,22.8236547682472,20.515006215592262,1,914566.6666666666
2016,90039,57.008721339147556,18.93022928681952,36.81249120832747,0,870983.3333333334
2016,90041,53.29695476148565,13.075162823446574,31.31138883999296,1,811850.0
2016,90042,46.77145890443518,19.038488963539272,19.06384192428972,1,678966.6666666666
2016,90045,60.25762547089561,16.845303196014097,36.51962571393851,1,1086975.0
2016,90046,79.26477230328145,27.06831883431848,53.17440056555977,0,1353641.6666666667
2016,90047,16.813646337929033,12.629901047488925,9.665465987661989,0,430141.6666666667
2016,90048,80.01936449256226,29.67608485168559,55.844555936977386,2,1730325.0
2016,90049,84.74747758635228,17.36038897164217,59.48399426660296,1,2569983.3333333335
2016,90057,26.684195271417327,18.303589913461145,12.156846507390997,2,426675.0
2016,90064,71.81118674163955,17.120449837229952,47.11823024563479,0,1441058.3333333333
2016,90065,52.96923240711168,14.877036090705845,20.94112637070159,0,746108.3333333334
2016,90066,61.67268554456783,18.792399338485943,38.177123763879976,2,1338808.3333333333
2016,90067,77.74946921443737,4.840764331210191,53.2484076433121,0,1067208.3333333333
2016,90068,79.07692307692308,19.552447552447553,54.80652680652681,0,1376575.0
2016,90069,77.28407144604844,21.0325422069978,60.52361145094201,1,921308.3333333334
2016,90071,0.0,0.0,0.0,0,0.0
2016,90077,83.06777378815082,7.170107719928187,53.960951526032325,0,2512916.6666666665
2016,90089,47.98913043478261,0.5706521739130435,0.3532608695652174,0,0.0
2016,90094,50.34687809712587,21.71704658077304,57.86669970267592,0,959966.6666666666
2016,90230,62.71870794078062,17.686284106203352,36.09445735959868,0,888241.6666666666
2016,90232,68.11613774476703,18.25118163403106,42.03916272788656,0,1266808.3333333333
2016,90272,87.79318387974602,4.682303140253121,55.77296877024751,1,2845050.0
2016,90291,81.79418557759284,22.36316310444697,50.11181581552224,1,1926841.6666666667
2016,90292,78.82750644960412,23.908015301129797,54.15443465883818,0,982933.3333333334
2016,90501,41.79933187420804,13.6113350996429,20.804054832392577,0,641200.0
2016,90710,39.729168159346564,14.927993121731033,16.887583291538295,1,569800.0
2016,90731,59.36506896438751,13.923926219572124,14.76263801068047,0,578250.0
2016,90732,71.02881036621791,12.516656710931398,28.11652805219868,0,596166.6666666666
2016,91040,81.4315617501404,12.150916424158881,23.53601878797161,0,582650.0
2016,91303,60.004044762033175,19.88000539301605,15.275717945260887,1,458516.6666666667
2016,91306,43.806455559407055,15.076565462961076,16.27755235201762,0,532158.3333333334
2016,91307,70.636258098341,9.088866419503423,31.550762086656928,0,652858.3333333334
2016,91311,63.43460069128616,12.393773226954966,30.49195665168013,1,600800.0
2016,91316,81.7059521790741,16.08275394268272,37.62591148041378,0,649558.3333333334
2016,91324,53.484455522247295,15.429957223213984,24.66233285055071,2,592091.6666666666
2016,91325,58.05471124620061,14.422790392752844,25.15048572620537,0,663991.6666666666
2016,91335,68.57948378887488,14.35111837427178,14.412245356220607,0,500450.0
2016,91342,72.15244376299594,13.958959064081832,10.965953246098593,1,477516.6666666667
2016,91343,47.668796542449826,14.501811171742613,15.097243598712748,0,547600.0
2016,91344,58.95289923062489,11.527491086507787,26.657909551510603,0,601125.0
2016,91345,56.73932739966956,13.270798912753822,12.204871289239462,0,491325.0
2016,91352,76.22082032328639,15.988020136366535,9.751693961214132,0,486366.6666666667
2016,91356,76.16052206673842,15.133880516684606,34.67101722282024,1,843341.6666666666
2016,91364,77.72666352736624,10.816097366609918,36.91817292715616,2,825716.6666666666
2016,91367,72.0432902478792,14.719156879888468,38.724922611592895,1,722616.6666666666
2016,91401,59.1262585631049,16.667885613983763,21.49004120041932,0,730916.6666666666
2016,91402,46.7790705775796,15.996655751410856,10.30028565456699,0,438808.3333333333
2016,91403,80.91460189592742,18.418161845477847,46.494975385491685,0,1015450.0
2016,91405,40.95408050629185,16.217160938994773,12.629700493045846,1,532558.3333333334
2016,91406,45.02482621648461,15.567391893111855,15.982666787036202,1,548150.0
2016,91423,80.76157000585823,20.407147041593444,44.73052138254247,1,1008308.3333333334
2016,91436,88.55291576673866,9.301191388559882,48.282589005782754,0,1497458.3333333333
2016,91601,65.54249961849534,26.695152347525312,27.97446462180172,1,630758.3333333334
2016,91602,74.50443190975021,23.01907064195541,46.12409347300564,0,835333.3333333334
2016,91604,81.57704205884289,16.8465740801685,48.364378332126634,1,1320100.0
2016,91605,60.38788666775015,17.37363887534536,12.411289885692616,0,510341.6666666667
2016,91606,63.277087033747776,16.75177619893428,15.008880994671404,0,545766.6666666666
2016,91607,78.38879159369527,20.16557872950167,33.800350262697016,1,828658.3333333334
2016,94102,44.59906545243699,23.953750127903405,36.375729049421885,6,893250.0
2016,94103,45.63250087388822,22.200644735308966,39.95805336544064,6,967166.6666666666
2016,94104,45.39877300613497,11.247443762781186,39.05930470347649,3,0.0
2016,94105,53.49624613572795,32.548211394082145,73.94376564110114,6,1138150.0
2016,94107,54.495643887830106,28.99196841818677,56.44228151374898,3,1160033.3333333333
2016,94108,34.95647442872688,24.088683351468987,36.56147986942329,1,1036550.0
2016,94109,60.69190810260804,33.113764972598574,54.901015726806975,1,1192883.3333333333
2016,94110,57.575056794221275,24.264395804709498,42.758226659955646,1,1435983.3333333333
2016,94111,52.91375291375291,16.98717948717949,58.653846153846146,5,1122966.6666666667
2016,94112,26.65563505196367,16.439090010833205,21.816406947536336,1,954125.0
2016,94114,78.11306112702961,20.803486150907354,66.07569245463229,2,1770783.3333333333
2016,94115,57.52717626366022,26.896571609815172,55.67601856924541,1,1536058.3333333333
2016,94116,37.66980146290491,14.639933820968304,35.96525600835946,2,1260233.3333333333
2016,94117,75.09636913417815,32.077649285598866,60.492117351060635,5,1488716.6666666667
2016,94118,57.992895204262865,24.31952378666411,50.42484758292929,1,1919891.6666666667
2016,94121,45.52902621722846,16.72986891385768,41.952247191011246,0,1465833.3333333333
2016,94122,40.959873607506154,21.712424833545604,45.53515291234745,3,1314958.3333333333
2016,94123,83.21182344084319,36.880893890165616,69.49837546556779,1,2704116.6666666665
2016,94124,13.871804999153644,17.389832421147663,16.2839248434238,2,823758.3333333334
2016,94127,55.19260549748355,10.2061556329849,51.54858691444058,0,1603283.3333333333
2016,94129,88.27751196172248,27.06007442849548,54.279638490164814,0,0.0
2016,94130,33.65695792880259,23.65695792880259,20.291262135922327,0,0.0
2016,94131,65.94356261022928,18.19753086419753,57.555555555555564,0,1492875.0
2016,94132,36.961871584262845,13.055706478315065,30.470772475950014,3,1133550.0
2016,94133,42.38841802771816,21.054163180677318,38.830890109490376,2,1320641.6666666667
2016,94134,17.654821604242148,14.418024329966169,17.534851356863502,1,862516.6666666666
2016,94158,50.575479566305255,45.73811509591328,68.27356130108424,0,1253916.6666666667
2016,94608,43.21299889135255,23.392461197339244,39.68264966740577,0,677091.6666666666
2016,94901,64.99810480432104,13.718847721027196,31.938785179569788,0,1067775.0
2016,95838,44.18816714048168,17.15120956927533,5.640186665236282,0,225991.66666666666
2016,98101,72.70840252407838,24.186316838259717,50.896712055795405,4,530216.6666666666
2016,98102,80.44527673741156,35.64710778193925,60.87806908031626,1,626650.0
2016,98103,84.02479539745562,30.372336115387732,57.19350133700672,4,767758.3333333334
2016,98104,49.431696332832935,23.747229966402173,32.49696189863464,3,557758.3333333334
2016,98105,65.1717762394118,15.014834243453587,33.159908844648925,2,928308.3333333334
2016,98106,51.36965100982744,20.2623229900178,24.52990791611855,0,461725.0
2016,98107,85.16067662020762,33.79378799784937,58.95611894619298,2,756141.6666666666
2016,98108,30.249271077163158,17.13276662149398,21.346145948831676,0,517141.6666666667
2016,98109,73.39226434030726,38.010499498185744,59.77379757585115,4,755783.3333333334
2016,98112,85.05762065678883,19.91595182393207,59.466250758166545,0,1119125.0
2016,98115,80.61403159695969,18.928329818138405,53.478053245254486,0,781700.0
2016,98116,84.40199730522309,14.238725529048109,47.780771974320366,1,724908.3333333334
2016,98117,87.87099932684656,15.984333884095221,50.535462945964134,0,751325.0
2016,98118,35.24146265049456,14.98232108490355,26.265497023676318,1,520966.6666666667
2016,98119,81.69495664916352,27.46774127895144,52.57052143118818,1,867475.0
2016,98121,66.06485897261207,35.324976154789475,59.108870418313124,3,565158.3333333334
2016,98122,67.31273804485825,28.940612216109468,47.419946395824525,2,741983.3333333334
2016,98125,65.27007961302026,18.472236218885413,39.03305451980248,0,590383.3333333334
2016,98126,66.94503358077058,16.3441145281018,35.564687168610824,0,555741.6666666666
2016,98133,67.52451496149153,18.36202180042927,32.081983081520136,0,529966.6666666666
2016,98134,45.45454545454545,12.868949232585598,22.904368358913807,1,0.0
2016,98136,83.93412057178371,10.975761342448726,46.00994406463642,0,685466.6666666666
2016,98144,48.354935194416754,18.85011631771352,35.353938185443674,0,661166.6666666666
2016,98146,59.57896270396271,14.874708624708624,19.278117715617714,0,440941.6666666667
2017,90001,32.367462290169904,15.45336919881508,2.449862099492662,1,359175.0
2017,90004,37.758436548547024,19.72805381537628,24.626592064782486,1,1401233.3333333333
2017,90007,29.83673370369472,16.122850003638927,12.02299798646321,2,642475.0
2017,90010,23.06464485235435,24.95344506517691,42.085661080074495,2,0.0
2017,90012,28.585383180889803,20.732320989846965,23.37566231536572,4,566491.6666666666
2017,90013,35.68620891527976,24.546290875637702,34.77460901563937,3,585916.6666666666
2017,90014,51.29589632829374,25.067494600431967,42.89956803455723,2,536266.6666666666
2017,90015,33.417545945410424,22.82161787288849,21.360281369198,4,654516.6666666666
2017,90016,39.23071939183206,16.426581431008792,14.536855063386822,0,699533.3333333334
2017,90017,37.025388404698745,20.890488821523302,19.117089806744982,2,616866.6666666666
2017,90018,19.38914070419033,15.531585288886335,11.058198022453,1,669033.3333333334
2017,90019,33.08907513164726,16.968033820366387,23.49922124156345,0,1096050.0
2017,90020,25.5747493046873,21.943813630680513,29.830828506544872,0,544575.0
2017,90021,37.42875237492085,13.679544015199491,19.379354021532613,1,0.0
2017,90023,67.70839950030701,13.351965953122024,3.8662686061529987,1,406883.3333333333
2017,90024,60.07079930809767,12.393901605052495,32.31827507140272,0,1257516.6666666667
2017,90025,62.34590015383643,30.495437590879398,51.6658588498093,0,968016.6666666666
2017,90026,51.09533734641228,23.081519917212034,28.47148333309041,3,936508.3333333334
2017,90027,67.22641178533848,25.854963170817257,43.54393195370046,4,1512675.0
2017,90028,56.28904488954724,27.809621948863274,37.46377278289431,3,888733.3333333334
2017,90029,38.18448626522154,20.67553999433617,20.642071930592387,1,879558.3333333334
2017,90031,36.32457867682786,14.919571388384524,12.635859141242356,0,606108.3333333334
2017,90033,71.08167318441473,15.448086648512524,5.888495321553612,1,467983.3333333333
2017,90034,58.746210094524706,28.20224719101124,41.628321740681294,2,1271183.3333333333
2017,90035,74.80949197860963,20.083556149732622,43.70320855614973,1,1471758.3333333333
2017,90036,65.49480533109455,27.922657151852242,51.77615699443802,0,1743241.6666666667
2017,90038,41.331330257180674,21.851414672532822,21.9444146367636,1,1002633.3333333334
2017,90039,59.31183830606353,19.847380723222876,37.680461982675645,0,936058.3333333334
2017,90041,49.027957139366855,13.455027747722593,31.754563540539603,1,885458.3333333334
2017,90042,46.45544616542296,19.489559164733176,19.392362199786795,2,748366.6666666666
2017,90045,59.61612747464992,17.17044905842588,38.061323032351524,1,1167441.6666666667
2017,90046,78.99060350673255,26.600794342729827,53.47282766637607,1,1457416.6666666667
2017,90047,16.355612381679073,13.46022973335258,9.896681858489204,0,482216.6666666667
2017,90048,80.31496062992126,28.482064741907262,56.373578302712154,3,1780691.6666666667
2017,90049,84.62955833012485,17.914306143776468,58.643638963753354,2,2678333.3333333335
2017,90057,30.527040434104762,17.67802547125878,12.782198465245298,2,466433.3333333333
2017,90064,71.68454646825855,17.552966509016805,49.05217825969932,0,1599583.3333333333
2017,90065,52.48451053283767,15.755885997521686,21.44155307724081,0,807933.3333333334
2017,90066,61.24324233852746,19.808525951093774,39.10321857164377,2,1413983.3333333333
2017,90067,70.78299776286353,5.6375838926174495,66.57718120805369,0,1126300.0
2017,90068,80.07456503728254,20.427137991346765,56.24597256743073,0,1458616.6666666667
2017,90069,77.6383510612225,21.4450272045488,59.604921327385924,1,976341.6666666666
2017,90071,0.0,0.0,0.0,1,0.0
2017,90077,82.78871978513877,7.430617726051924,55.37153088630261,0,2623708.3333333335
2017,90089,49.9739989599584,0.8840353614144566,0.3380135205408216,1,0.0
2017,90094,54.31839402427637,22.02380952380952,60.59757236227824,1,1016000.0
2017,90230,61.1323759071562,16.694736197446186,36.237253881250574,0,999216.6666666666
2017,90232,67.09048099562732,16.44803229061554,42.46215943491423,0,1362766.6666666667
2017,90272,87.87892005059538,4.248266236315262,56.37021851964933,1,3054883.3333333335
2017,90291,82.84873021715127,22.900257637099738,51.96908354803092,1,2002475.0
2017,90292,76.2092439985668,22.51881046219993,56.01934790397707,0,1059566.6666666667
2017,90501,37.562779017857146,14.05087425595238,22.028459821428577,1,679950.0
2017,90710,37.71932884501343,15.707956884222277,17.74863082987407,1,581083.3333333334
2017,90731,56.73016232662772,14.512291831879462,14.934697114373106,1,611283.3333333334
2017,90732,69.90806854694753,11.330774723313105,27.31613709389504,0,635741.6666666666
2017,91040,81.56629491945479,11.885997521685256,24.93184634448575,0,621041.6666666666
2017,91303,55.54970375246873,20.826201448321267,15.434496379196839,2,510750.0
2017,91306,42.747875925813815,15.828136667272105,16.706020060140062,1,564541.6666666666
2017,91307,70.64223552307863,8.948701942496237,33.889031689494374,0,676733.3333333334
2017,91311,63.513378594249204,12.005790734824279,28.437000798722053,1,635400.0
2017,91316,82.62108262108262,17.375679875679875,36.693861693861706,0,697441.6666666666
2017,91324,55.60944819109,16.132354406830338,25.444337397428654,2,624608.3333333334
2017,91325,57.175817757009355,14.065420560747665,25.47897196261682,0,689883.3333333334
2017,91335,64.23255989057186,14.441502378054135,16.27241582692284,0,537216.6666666666
2017,91342,73.34393877954189,14.163469436559675,11.19394449816484,1,511158.3333333333
2017,91343,44.24231398944879,14.107695106421685,15.596385907464676,0,585991.6666666666
2017,91344,58.127700970946435,11.123790993957307,26.716928890801267,0,635425.0
2017,91345,52.823046998212604,13.862895594574704,12.527599621490907,1,525625.0
2017,91352,73.49271915550548,16.17432302749614,10.470647139817249,1,535316.6666666666
2017,91356,76.76464772951955,14.941013642654715,34.245040532524875,1,943491.6666666666
2017,91364,78.39887536532129,10.277089267877622,37.960119862380225,2,883850.0
2017,91367,71.36730458842517,15.054184920451926,39.363615402351854,1,765358.3333333334
2017,91401,60.74155384803025,17.5314062690572,22.73935845834858,0,790908.3333333334
2017,91402,41.47678674088928,15.628812204663685,10.470154381143344,0,476208.3333333333
2017,91403,81.70361064959273,19.050127649228028,47.38015155813107,1,1084950.0
2017,91405,37.894832937739636,16.187693993061895,12.364433083805,2,570258.3333333334
2017,91406,42.718861209964416,16.177935943060493,16.58185053380783,1,589366.6666666666
2017,91423,80.2175916292619,20.139115959692038,46.264974287327966,1,1092466.6666666667
2017,91436,88.48857644991213,9.4430174395025,50.06759497093415,0,1624966.6666666667
2017,91601,68.51663670236327,26.290419239688372,28.294119179759765,1,708041.6666666666
2017,91602,72.5612331081081,23.78589527027027,47.292018581081074,0,881916.6666666666
2017,91604,81.32954767965538,16.927746230663796,50.150120749298345,1,1341400.0
2017,91605,61.048753483755206,17.80246630779216,11.854312220822358,0,556683.3333333334
2017,91606,65.08387445887446,17.53697691197691,15.004960317460315,1,615033.3333333334
2017,91607,79.30408182774113,21.049612847720105,35.43000987795941,1,892525.0
2017,94102,45.02322495023225,23.29794293297943,37.966157929661584,6,897366.6666666666
2017,94103,41.730270470544646,23.66061504260837,40.6817339755465,6,1003433.3333333334
2017,94104,40.596330275229356,11.238532110091743,34.174311926605505,3,0.0
2017,94105,50.918566775244294,27.335504885993487,74.08469055374594,3,1146825.0
2017,94107,53.07820855614973,29.398395721925134,57.04545454545455,4,1198908.3333333333
2017,94108,34.396876682821755,25.121163166397416,38.17985998922994,2,1115333.3333333333
2017,94109,61.18189690211533,31.364094226589145,56.93887288599854,2,1246216.6666666667
2017,94110,56.632355533856824,23.8984498962529,44.12574419897744,1,1528183.3333333333
2017,94111,54.49940405244339,15.286054827175207,59.80333730631704,5,1167591.6666666667
2017,94112,24.378901994775863,16.936267906715234,22.892483572089528,1,1055958.3333333333
2017,94114,76.87856254159313,21.830965539191574,66.30016492578339,3,1916358.3333333333
2017,94115,57.58440323347599,27.61601074095829,55.48376269195268,2,1557583.3333333333
2017,94116,36.88899136413181,16.59260501383416,37.57860316927978,3,1372058.3333333333
2017,94117,74.53795001146527,33.72162348085301,61.061683100206366,5,1611350.0
2017,94118,57.57056281237173,23.98773450515489,52.55329936982398,1,2108208.3333333335
2017,94121,44.96310555020853,16.884366836243643,43.76460882716898,0,1590508.3333333333
2017,94122,39.26514812208074,22.253503103205578,46.04101350054386,4,1422058.3333333333
2017,94123,83.3392246965948,37.516201248969004,69.69482738305643,2,2555908.3333333335
2017,94124,13.434013298771555,17.804012171757016,17.27431533866787,1,897941.6666666666
2017,94127,55.88583890390176,11.819086900867589,52.240079647276346,0,1772700.0
2017,94129,84.87185867131126,23.339139089325705,50.48519532221946,0,0.0
2017,94130,39.46947906679451,24.832214765100673,22.754873761585173,0,0.0
2017,94131,64.78868392070484,18.95649779735683,57.68860132158591,0,1647133.3333333333
2017,94132,34.761675493500235,13.689616433959234,30.61145883485797,3,1270933.3333333333
2017,94133,42.89956202212159,21.238215425729344,41.9048326033702,1,1345825.0
2017,94134,16.56916005014626,14.53777220597112,17.748525792821656,1,944700.0
2017,94158,49.88544371467848,41.69848785703376,60.11913853673438,0,1285916.6666666667
2017,94608,43.101095169934425,25.57504743517193,41.84947238773676,0,744450.0
2017,94901,63.929902353884614,12.769470258031038,31.51799613189301,0,1120533.3333333333
2017,95838,43.678221334524714,17.24790412866942,6.554361252003889,0,249216.66666666666
2017,98101,70.33365570599614,28.118955512572537,51.716634429400386,4,615858.3333333334
2017,98102,78.67465490021455,37.00765089260414,61.450026312593614,1,703950.0
2017,98103,83.21689208913106,29.452174759170962,57.057507054587916,4,819625.0
2017,98104,51.50251007565581,25.517924061373115,34.96429328996677,3,625908.3333333334
2017,98105,65.8780342895943,15.525802070955693,34.484807333220175,2,983708.3333333334
2017,98106,48.708276177411975,20.408474317939337,25.510592897424175,0,512808.3333333333
2017,98107,83.51788057742782,32.49261811023622,60.342847769028864,2,814050.0
2017,98108,30.60827048976548,16.731582000497227,21.761829783707636,0,565766.6666666666
2017,98109,72.49833345678098,39.945189245241096,60.66958003110881,4,813275.0
2017,98112,85.02427184466019,20.93851132686084,60.16990291262137,0,1204991.6666666667
2017,98115,80.28841488267375,17.726064087883078,52.61145507831454,0,827700.0
2017,98116,85.08601229859109,14.36522145247918,50.731688331906284,1,764916.6666666666
2017,98117,86.66765843498959,16.947337102052966,51.35673906575424,0,792541.6666666666
2017,98118,33.004273504273506,15.153846153846152,27.22863247863248,1,571250.0
2017,98119,80.9554241891676,27.85988177025084,53.706662406135166,1,938308.3333333334
2017,98121,64.89129114539051,33.77262237337544,62.94181950686263,3,623033.3333333334
2017,98122,65.69090421250336,31.19667292728736,47.408103031929166,2,790483.3333333334
2017,98125,66.25493223537485,19.003504644266354,40.15636105188344,0,654125.0
2017,98126,67.85958904109589,16.455479452054792,37.10188356164383,0,608850.0
2017,98133,65.56313287869393,18.394296342219466,33.221740028931606,0,583675.0
2017,98134,53.79146919431279,20.734597156398106,26.06635071090048,1,0.0
2017,98136,83.16426301637742,9.948667807382057,46.388413590809094,0,735750.0
2017,98144,48.330632090761746,19.542949756888174,38.6547811993517,0,715925.0
2017,98146,56.410628194439404,15.108565628738177,20.553159096675973,1,471458.3333333333
